id,source,matching,destination,type,category,status,ignore
,https://www.springcard.com/fr,exact,/,301,,active,
,https://www.springcard.com/fr/download/applications,exact,/,301,DownloadCategories,active,
,https://www.springcard.com/fr/download/certifications,exact,/,301,DownloadCategories,active,
,https://www.springcard.com/fr/download/devdoc,exact,/,301,DownloadCategories,active,
,https://www.springcard.com/fr/download/drivers,exact,/,301,DownloadCategories,active,
,https://www.springcard.com/fr/download/hardware-integration,exact,/,301,DownloadCategories,active,
,https://www.springcard.com/fr/download/n-c,exact,/,301,DownloadCategories,active,
,https://www.springcard.com/fr/download/sdks,exact,/,301,DownloadCategories,active,
,https://www.springcard.com/fr/download/software,exact,/,301,DownloadCategories,active,
,https://www.springcard.com/fr/download/usrdoc,exact,/,301,DownloadCategories,active,
,https://www.springcard.com/fr/download/utilitaire,exact,/,301,DownloadCategories,active,
,https://www.springcard.com/fr/download/white-papers,exact,/,301,DownloadCategories,active,
,https://www.springcard.com/fr/RFID-NFC-solutions,exact,/solutions/,301,Pages,active,
,https://www.springcard.com/fr/SpringCard-at-Embedded-World,exact,/blog/,301,Pages,active,
,https://www.springcard.com/fr/a-fictional-story-to-help-you-plan-your-contactless-project,exact,/blog/,301,Pages,active,
,https://www.springcard.com/fr/about-us/they-worked-with-us,exact,/a-propos/,301,Pages,active,
,https://www.springcard.com/fr/bluetooth,exact,/solutions/,301,Pages,active,
,https://www.springcard.com/fr/business-developer-cdi-f-h,exact,/a-propos/,301,Pages,active,
,https://www.springcard.com/fr/configure-with-companion,exact,https://tech.springcard.com/,301,Pages,active,
,https://www.springcard.com/fr/contact,exact,/a-propos/#contact,301,Pages,active,
,https://www.springcard.com/fr/copyright,exact,/mentions-legales/,301,Pages,active,
,https://www.springcard.com/fr/developpeur-c-cdi-f-h,exact,/a-propos/,301,Pages,active,
,https://www.springcard.com/fr/device-loan,exact,/,301,Pages,active,
,https://www.springcard.com/fr/device-loan-puck,exact,/,301,Pages,active,
,https://www.springcard.com/fr/disclaimer,exact,/mentions-legales/,301,Pages,active,
,https://www.springcard.com/fr/discover-companion,exact,https://tech.springcard.com/,301,Pages,active,
,https://www.springcard.com/fr/documentation-softwares-for-contactless-readers,exact,https://tech.springcard.com/,301,Pages,active,
,https://www.springcard.com/fr/ev-charging,exact,/solutions/,301,Pages,active,
,https://www.springcard.com/fr/ev-chargingj,exact,/solutions/,301,Pages,active,
,https://www.springcard.com/fr/hello,exact,https://tech.springcard.com/,301,Pages,active,
,https://www.springcard.com/fr/hello/crazywriter-hsp-getting-started-guide,exact,https://tech.springcard.com/,301,Pages,active,
,https://www.springcard.com/fr/hello/h663-usb-module-getting-started-guide,exact,https://tech.springcard.com/,301,Pages,active,
,https://www.springcard.com/fr/hello/prox-n-roll-pc-sc-hsp-getting-started-guide,exact,https://tech.springcard.com/,301,Pages,active,
,https://www.springcard.com/fr/hello/prox-n-roll-rfid-scanner-hsp-getting-started-guide,exact,https://tech.springcard.com/,301,Pages,active,
,https://www.springcard.com/fr/hello/twistywriter-hsp-getting-started-guide,exact,https://tech.springcard.com/,301,Pages,active,
,https://www.springcard.com/fr/homepage,exact,/,301,Pages,active,
,https://www.springcard.com/fr/homepage-copy-1687441501,exact,/,301,Pages,active,
,https://www.springcard.com/fr/ingenieur-hardware-cdi-f-h,exact,/a-propos/,301,Pages,active,
,https://www.springcard.com/fr/intern-s-hall-of-fame,exact,/a-propos/,301,Pages,active,
,https://www.springcard.com/fr/introduction-to-pc-sc-development,exact,https://tech.springcard.com/,301,Pages,active,
,https://www.springcard.com/fr/iot,exact,/solutions/,301,Pages,active,
,https://www.springcard.com/fr/learning,exact,https://tech.springcard.com/,301,Pages,active,
,https://www.springcard.com/fr/learning/ensuring-security-in-the-internet-of-things,exact,https://tech.springcard.com/,301,Pages,active,
,https://www.springcard.com/fr/learning/how-to-avoid-the-hack-into-a-nfc-communication,exact,https://tech.springcard.com/,301,Pages,active,
,https://www.springcard.com/fr/learning/nfc-brings-security-to-smart-devices,exact,https://tech.springcard.com/,301,Pages,active,
,https://www.springcard.com/fr/learning/reader-or-coupling-device,exact,https://tech.springcard.com/,301,Pages,active,
,https://www.springcard.com/fr/learning/some-details-about-the-rfid-scanners,exact,https://tech.springcard.com/,301,Pages,active,
,https://www.springcard.com/fr/learning/webinars,exact,https://tech.springcard.com/,301,Pages,active,
,https://www.springcard.com/fr/legacy-products,exact,/produits/m519/,301,Pages,active,
,https://www.springcard.com/fr/loisir,exact,/solutions/,301,Pages,active,
,https://www.springcard.com/fr/lora,exact,/solutions/,301,Pages,active,
,https://www.springcard.com/fr/nfc,exact,/solutions/,301,Pages,active,
,https://www.springcard.com/fr/passes-via-bouton,exact,/,301,Pages,active,
,https://www.springcard.com/fr/pick-your-puck,exact,/,301,Pages,active,
,https://www.springcard.com/fr/privacy,exact,/politique-de-confidentialite/,301,Pages,active,
,https://www.springcard.com/fr/products,exact,/produits/m519/,301,Pages,active,
,https://www.springcard.com/fr/rfid,exact,/solutions/,301,Pages,active,
,https://www.springcard.com/fr/services,exact,/bureau-etudes/,301,Pages,active,
,https://www.springcard.com/fr/services/consulting-support,exact,/bureau-etudes/,301,Pages,active,
,https://www.springcard.com/fr/services/development,exact,/bureau-etudes/,301,Pages,active,
,https://www.springcard.com/fr/services/engineering-office,exact,/bureau-etudes/,301,Pages,active,
,https://www.springcard.com/fr/services/qualifications,exact,/bureau-etudes/,301,Pages,active,
,https://www.springcard.com/fr/services/software-libraries,exact,/bureau-etudes/,301,Pages,active,
,https://www.springcard.com/fr/springcard-contactless-readers-at-a-glance,exact,https://tech.springcard.com/,301,Pages,active,
,https://www.springcard.com/fr/springcard-jobs-offres-d-emploi,exact,/a-propos/,301,Pages,active,
,https://www.springcard.com/fr/springcard-official-sponsor,exact,/blog/,301,Pages,active,
,https://www.springcard.com/fr/springcard-quickstart-for-pc-sc,exact,https://tech.springcard.com/,301,Pages,active,
,https://www.springcard.com/fr/springcard-sponsor-for-vendee-globe-2024,exact,/blog/,301,Pages,active,
,https://www.springcard.com/fr/springfield-florida,exact,/,301,Pages,active,
,https://www.springcard.com/fr/springpark,exact,/,301,Pages,active,
,https://www.springcard.com/fr/springseed-m519-sdk-registration,exact,/produits/m519/,301,Pages,active,
,https://www.springcard.com/fr/story,exact,/a-propos/,301,Pages,active,
,https://www.springcard.com/fr/team,exact,/a-propos/,301,Pages,active,
,https://www.springcard.com/fr/test-landing-page,exact,/,301,Pages,active,
,https://www.springcard.com/fr/thanks,exact,/,301,Pages,active,
,https://www.springcard.com/fr/us-shop,exact,/,301,Pages,active,
,https://www.springcard.com/fr/values,exact,/a-propos/,301,Pages,active,
,https://www.springcard.com/fr/webinar-springseed-m519,exact,/produits/m519/,301,Pages,active,
,https://www.springcard.com/fr/blog/news,exact,/blog/,301,PostCategories,active,
,https://www.springcard.com/fr/blog/news/%3Alang/learning/Importance-scalability-contatcless-project,exact,/blog/,301,Posts,active,
,https://www.springcard.com/fr/blog/news/ITN-International-and-SpringCard-SAS.,exact,/cas-usage/itn-international-identification-sans-contact-evenementiel/,301,Posts,active,
,https://www.springcard.com/fr/blog/news/NFC-IOS-Cinemas-Pathe-Gaumont,exact,/blog/,301,Posts,active,
,https://www.springcard.com/fr/blog/news/a-fictional-story-to-help-you-imagine-your-contactless-project,exact,/blog/,301,Posts,active,
,https://www.springcard.com/fr/blog/news/a-new-packaging-for-our-prox-n-roll,exact,/blog/,301,Posts,active,
,https://www.springcard.com/fr/blog/news/access-museums-and-amusement-parks-easily-with-vivaticket,exact,/blog/,301,Posts,active,
,https://www.springcard.com/fr/blog/news/all-about-the-anti-collision-mechanisms,exact,/blog/comprendre-l-anti-collision-en-rfid-nfc/,301,Posts,active,
,https://www.springcard.com/fr/blog/news/an-end-to-end-secure-access-control-system,exact,/blog/,301,Posts,active,
,https://www.springcard.com/fr/blog/news/associating-ble-and-nfc-socket-mobile-use-case,exact,/blog/,301,Posts,active,
,https://www.springcard.com/fr/blog/news/can-your-company-become-a-member-of-the-bluetooth-sig,exact,/blog/,301,Posts,active,
,https://www.springcard.com/fr/blog/news/choose-your-contactless-provider,exact,/blog/,301,Posts,active,
,https://www.springcard.com/fr/blog/news/contactless-focus-5-symmetric-or-asymmetric-antenna-configuration-which-one-to-choose,exact,/blog/,301,Posts,active,
,https://www.springcard.com/fr/blog/news/contactless-reader-interoperability-scalability-criteria,exact,/blog/,301,Posts,active,
,https://www.springcard.com/fr/blog/news/core-nfc-what-you-need-to-know-about-it,exact,/blog/,301,Posts,active,
,https://www.springcard.com/fr/blog/news/create-your-avatar-with-silkke,exact,/blog/,301,Posts,active,
,https://www.springcard.com/fr/blog/news/decouvrez-la-carte-de-configuration-mastercard-flexibilite-et-securite-integrees,exact,/blog/,301,Posts,active,
,https://www.springcard.com/fr/blog/news/end-of-life-for-k663-h663-introducing-springseed-m519-module,exact,/blog/,301,Posts,active,
,https://www.springcard.com/fr/blog/news/enter-any-event-easily-with-weezevent-and-springcard,exact,/blog/,301,Posts,active,
,https://www.springcard.com/fr/blog/news/events-needs-contactless-technologies,exact,/blog/,301,Posts,active,
,https://www.springcard.com/fr/blog/news/everything-there-is-to-know-about-nfc-rfid-and-bluetooth,exact,/blog/tout-savoir-sur-le-nfc-la-rfid-et-le-bluetooth/,301,Posts,active,
,https://www.springcard.com/fr/blog/news/everything-there-is-to-know-about-pc-sc,exact,/blog/tout-savoir-sur-le-pc-sc/,301,Posts,active,
,https://www.springcard.com/fr/blog/news/everything-there-is-to-know-about-the-ce-norm,exact,/blog/tout-savoir-sur-le-marquage-ce/,301,Posts,active,
,https://www.springcard.com/fr/blog/news/everything-there-is-to-know-about-the-nxp-cards,exact,/blog/tout-savoir-sur-les-cartes-nxp/,301,Posts,active,
,https://www.springcard.com/fr/blog/news/everything-there-is-to-know-about-the-uhf-the-crazy-uhf,exact,/blog/,301,Posts,active,
,https://www.springcard.com/fr/blog/news/everything-you-need-to-know-about-bluetooth-smart-or-bluetooth-low-energy,exact,/blog/,301,Posts,active,
,https://www.springcard.com/fr/blog/news/evolis-has-been-awarded,exact,/blog/,301,Posts,active,
,https://www.springcard.com/fr/blog/news/exercise-with-our-funkygate,exact,/blog/,301,Posts,active,
,https://www.springcard.com/fr/blog/news/from-passion-for-technology-to-wakdev,exact,/blog/,301,Posts,active,
,https://www.springcard.com/fr/blog/news/funkygates-ip-nfc-up-running-with-the-cloud,exact,/blog/,301,Posts,active,
,https://www.springcard.com/fr/blog/news/how-did-we-help-xenon-54-nv-with-the-share-work-solution,exact,/blog/,301,Posts,active,
,https://www.springcard.com/fr/blog/news/how-springcard-was-able-to-support-afcare-and-doctolib-in-a-mobility-solution-for-healthcare-professionals,exact,/blog/,301,Posts,active,
,https://www.springcard.com/fr/blog/news/how-to-design-your-antenna,exact,/blog/comment-concevoir-son-antenne-rfid-nfc/,301,Posts,active,
,https://www.springcard.com/fr/blog/news/how-to-set-up-your-d600,exact,/blog/,301,Posts,active,
,https://www.springcard.com/fr/blog/news/how-to-upgrade-your-device-s-firmware-with-firmware-upgrade-utility,exact,/blog/,301,Posts,active,
,https://www.springcard.com/fr/blog/news/how-we-facilitate-the-life-of-students-with-the-cnous,exact,/blog/,301,Posts,active,
,https://www.springcard.com/fr/blog/news/ios-et-nfc-latest-news-from-a-nfc-api,exact,/blog/,301,Posts,active,
,https://www.springcard.com/fr/blog/news/lora-overview-of-this-technology-its-protocol-lorawan,exact,/blog/lora-et-lorawan-comprendre-cette-technologie/,301,Posts,active,
,https://www.springcard.com/fr/blog/news/mtbf-what-is-it,exact,/blog/mtbf-qu-est-ce-que-c-est/,301,Posts,active,
,https://www.springcard.com/fr/blog/news/ndef-four-letters-defining-the-data-exchange-format-in-nfc,exact,/blog/ndef-format-echange-donnees-nfc/,301,Posts,active,
,https://www.springcard.com/fr/blog/news/nfc-rfid-the-complete-guide,exact,/blog/nfc-rfid-le-guide-complet/,301,Posts,active,
,https://www.springcard.com/fr/blog/news/optimizing-the-reading-of-your-tags-easily,exact,/blog/,301,Posts,active,
,https://www.springcard.com/fr/blog/news/our-partner-s-projects-are-our-projects-k2corp-s-example,exact,/blog/,301,Posts,active,
,https://www.springcard.com/fr/blog/news/our-partnership-with-evolis,exact,/blog/,301,Posts,active,
,https://www.springcard.com/fr/blog/news/peer-to-peer-vs-host-card-emulation-what-are-the-differences,exact,/blog/nfc-p2p-vs-hce-quelles-differences/,301,Posts,active,
,https://www.springcard.com/fr/blog/news/prox-n-roll-rfid-scanner-vs-prox-n-roll-pc-sc-which-one-will-you-choose,exact,/blog/,301,Posts,active,
,https://www.springcard.com/fr/blog/news/retail-and-contactless-technologies-nfc-rfid-ble-etc,exact,/blog/,301,Posts,active,
,https://www.springcard.com/fr/blog/news/rfid-best-points-of-the-technology,exact,/blog/,301,Posts,active,
,https://www.springcard.com/fr/blog/news/rfid-simplifies-self-service-car-access,exact,/blog/,301,Posts,active,
,https://www.springcard.com/fr/blog/news/scardsniffer,exact,/blog/,301,Posts,active,
,https://www.springcard.com/fr/blog/news/selecting-your-NFC-RFID-reader-elements-of-method,exact,/blog/,301,Posts,active,
,https://www.springcard.com/fr/blog/news/socket-mobile-and-springcard-sas-announce-licensing-agreement,exact,/blog/,301,Posts,active,
,https://www.springcard.com/fr/blog/news/springcard-develops-green-packaging,exact,/blog/,301,Posts,active,
,https://www.springcard.com/fr/blog/news/springcard-firmwares,exact,/blog/,301,Posts,active,
,https://www.springcard.com/fr/blog/news/springcard-guides-you-in-the-world-of-contactless-solutions,exact,/blog/,301,Posts,active,
,https://www.springcard.com/fr/blog/news/springcard-is-now-a-member-of-nfc-forum,exact,/blog/,301,Posts,active,
,https://www.springcard.com/fr/blog/news/springcard-s-customers-service,exact,/blog/,301,Posts,active,
,https://www.springcard.com/fr/blog/news/springfield-colorado,exact,/blog/,301,Posts,active,
,https://www.springcard.com/fr/blog/news/springpass-a-simplified-seamless-customer-experience,exact,/blog/,301,Posts,active,
,https://www.springcard.com/fr/blog/news/success-stories-of-our-clients-thinfilm,exact,/cas-usage/thinfilm-sous-bock-nfc-engagement-consommateurs/,301,Posts,active,
,https://www.springcard.com/fr/blog/news/the-american-part-of-springcard-s-story,exact,/blog/,301,Posts,active,
,https://www.springcard.com/fr/blog/news/the-anti-tearing-concept-and-mechanisms,exact,/blog/anti-tearing-principe-et-mecanismes/,301,Posts,active,
,https://www.springcard.com/fr/blog/news/the-d600-solution-everything-you-need-to-know-about-it,exact,/blog/,301,Posts,active,
,https://www.springcard.com/fr/blog/news/the-prox-n-roll-rfid-scanner-a-swiss-army-knife-reader,exact,/blog/,301,Posts,active,
,https://www.springcard.com/fr/blog/news/the-springcard-s-website-is-new,exact,/blog/,301,Posts,active,
,https://www.springcard.com/fr/blog/news/thinfilm-talks-about-us,exact,/blog/,301,Posts,active,
,https://www.springcard.com/fr/blog/news/tip-2-using-springcard-usb-coupling-devices-under-android,exact,/blog/,301,Posts,active,
,https://www.springcard.com/fr/blog/news/tip1-memorycard-tool,exact,/blog/,301,Posts,active,
,https://www.springcard.com/fr/blog/news/twistyscan-the-best-of-rfid-and-2d-readers,exact,/blog/,301,Posts,active,
,https://www.springcard.com/fr/blog/news/un-emballage-qui-cartonne,exact,/blog/,301,Posts,active,
,https://www.springcard.com/fr/blog/news/vcub-mobile-the-bordeaux-nfc-bicycle-sharing-scheme-shifts-into-nfc,exact,/blog/,301,Posts,active,
,https://www.springcard.com/fr/blog/news/we-helped-creating-the-fastest-beer-dispenser-in-the-world,exact,/blog/,301,Posts,active,
,https://www.springcard.com/fr/blog/news/what-can-iot-do-for-you,exact,/blog/ce-que-l-iot-peut-faire-pour-vous/,301,Posts,active,
,https://www.springcard.com/fr/blog/news/what-is-the-difference-between-a-reader-and-a-coupler,exact,/blog/lecteur-ou-coupleur-quelle-difference/,301,Posts,active,
,https://www.springcard.com/fr/blog/news/what-is-the-difference-between-rfid-and-nfc,exact,/blog/quelle-est-la-difference-entre-rfid-et-nfc/,301,Posts,active,
,https://www.springcard.com/fr/blog/news/what-is-the-rctif-certification,exact,/blog/certification-rctif-qu-est-ce-que-c-est/,301,Posts,active,
,https://www.springcard.com/fr/blog/news/which-type-of-nfc-tag-is-the-most-interesting-for-you,exact,/blog/quel-type-de-tag-nfc-choisir/,301,Posts,active,
,https://www.springcard.com/fr/blog/news/with-designa-and-springcard-park-your-car-easily,exact,/blog/,301,Posts,active,
,https://www.springcard.com/fr/blog/news/with-nu-eat-healthy-and-reduce-waste,exact,/blog/,301,Posts,active,
,https://www.springcard.com/fr/products/antennas,exact,/produits/m519/,301,Products,active,
,https://www.springcard.com/fr/products/apple-google-wallet-nfc-passes,exact,/produits/m519/,301,Products,active,
,https://www.springcard.com/fr/products/cable-usb-a,exact,/produits/m519/,301,Products,active,
,https://www.springcard.com/fr/products/crazywriter-hsp,exact,/produits/m519/,301,Products,active,
,https://www.springcard.com/fr/products/durascan-d600,exact,/produits/m519/,301,Products,active,
,https://www.springcard.com/fr/products/funkygate-dw-nfc,exact,/produits/m519/,301,Products,active,
,https://www.springcard.com/fr/products/funkygate-dw-nfc-ble,exact,/produits/m519/,301,Products,active,
,https://www.springcard.com/fr/products/funkygate-ip-pcsc,exact,/produits/m519/,301,Products,active,
,https://www.springcard.com/fr/products/funkygate-ip-rdr,exact,/produits/m519/,301,Products,active,
,https://www.springcard.com/fr/products/h663,exact,/produits/m519/,301,Products,active,
,https://www.springcard.com/fr/products/h663s-usb-rdr,exact,/produits/m519/,301,Products,active,
,https://www.springcard.com/fr/products/h663usb,exact,/produits/m519/,301,Products,active,
,https://www.springcard.com/fr/products/k663,exact,/produits/m519/,301,Products,active,
,https://www.springcard.com/fr/products/k663-rdr,exact,/produits/m519/,301,Products,active,
,https://www.springcard.com/fr/products/k663s-rdr-xxx,exact,/produits/m519/,301,Products,active,
,https://www.springcard.com/fr/products/k663s-xxx,exact,/produits/m519/,301,Products,active,
,https://www.springcard.com/fr/products/m519,exact,/produits/m519/,301,Products,active,
,https://www.springcard.com/fr/products/m519-sam-u-b,exact,/produits/m519/#produit-m519-sam,301,Products,active,
,https://www.springcard.com/fr/products/m519-suv,exact,/produits/m519/#produit-m519-suv,301,Products,active,
,https://www.springcard.com/fr/products/oem-prox-n-roll-hsp-pc-sc,exact,/produits/m519/,301,Products,active,
,https://www.springcard.com/fr/products/oem-prox-n-roll-hsp-rfid-scanner,exact,/produits/m519/,301,Products,active,
,https://www.springcard.com/fr/products/prox-n-drive,exact,/produits/m519/,301,Products,active,
,https://www.springcard.com/fr/products/prox-n-roll-oem,exact,/produits/m519/,301,Products,active,
,https://www.springcard.com/fr/products/proxnroll-pcsc-hsp,exact,/produits/m519/,301,Products,active,
,https://www.springcard.com/fr/products/proxnroll-rfid-scan-hsp,exact,/produits/m519/,301,Products,active,
,https://www.springcard.com/fr/products/puck-base,exact,/produits/m519/,301,Products,active,
,https://www.springcard.com/fr/products/puck-blue,exact,/produits/m519/,301,Products,active,
,https://www.springcard.com/fr/products/puck-one,exact,/produits/m519/,301,Products,active,
,https://www.springcard.com/fr/products/puck-point,exact,/produits/m519/,301,Products,active,
,https://www.springcard.com/fr/products/rfid-nfc-cards,exact,/produits/m519/,301,Products,active,
,https://www.springcard.com/fr/products/serial-interfaces,exact,/produits/m519/,301,Products,active,
,https://www.springcard.com/fr/products/springbox-i,exact,/produits/m519/,301,Products,active,
,https://www.springcard.com/fr/products/springfield-florida-tower,exact,/produits/m519/,301,Products,active,
,https://www.springcard.com/fr/products/springpark,exact,/produits/m519/,301,Products,active,
,https://www.springcard.com/fr/products/springpass,exact,/produits/m519/,301,Products,active,
,https://www.springcard.com/fr/products/test-shopify,exact,/produits/m519/,301,Products,active,
,https://www.springcard.com/fr/products/twistywriter,exact,/produits/m519/,301,Products,active,
,https://www.springcard.com/fr/products/twistywriter-hsp,exact,/produits/m519/,301,Products,active,
,https://www.springcard.com/fr/products/twistywriter-ip-pcsc,exact,/produits/m519/,301,Products,active,
,https://www.springcard.com/fr/products/twistywriter-ip-rdr,exact,/produits/m519/,301,Products,active,
,https://www.springcard.com/fr/products/usb-interfaces,exact,/produits/m519/,301,Products,active,
