ancienne_url,nouvelle_url,type,raison
https://www.springcard.com/fr,/,,non catégorisé -> accueil
https://www.springcard.com/fr/download/applications,/,DownloadCategories,section téléchargements pas encore reprise -> accueil
https://www.springcard.com/fr/download/certifications,/,DownloadCategories,section téléchargements pas encore reprise -> accueil
https://www.springcard.com/fr/download/devdoc,/,DownloadCategories,section téléchargements pas encore reprise -> accueil
https://www.springcard.com/fr/download/drivers,/,DownloadCategories,section téléchargements pas encore reprise -> accueil
https://www.springcard.com/fr/download/hardware-integration,/,DownloadCategories,section téléchargements pas encore reprise -> accueil
https://www.springcard.com/fr/download/n-c,/,DownloadCategories,section téléchargements pas encore reprise -> accueil
https://www.springcard.com/fr/download/sdks,/,DownloadCategories,section téléchargements pas encore reprise -> accueil
https://www.springcard.com/fr/download/software,/,DownloadCategories,section téléchargements pas encore reprise -> accueil
https://www.springcard.com/fr/download/usrdoc,/,DownloadCategories,section téléchargements pas encore reprise -> accueil
https://www.springcard.com/fr/download/utilitaire,/,DownloadCategories,section téléchargements pas encore reprise -> accueil
https://www.springcard.com/fr/download/white-papers,/,DownloadCategories,section téléchargements pas encore reprise -> accueil
https://www.springcard.com/fr/RFID-NFC-solutions,/solutions/,Pages,correspondance directe
https://www.springcard.com/fr/SpringCard-at-Embedded-World,/blog/,Pages,correspondance directe
https://www.springcard.com/fr/a-fictional-story-to-help-you-plan-your-contactless-project,/blog/,Pages,correspondance directe
https://www.springcard.com/fr/about-us/they-worked-with-us,/a-propos/,Pages,correspondance directe
https://www.springcard.com/fr/bluetooth,/solutions/,Pages,correspondance directe
https://www.springcard.com/fr/business-developer-cdi-f-h,/a-propos/,Pages,correspondance directe
https://www.springcard.com/fr/configure-with-companion,https://tech.springcard.com/,Pages,correspondance directe
https://www.springcard.com/fr/contact,/a-propos/#contact,Pages,correspondance directe
https://www.springcard.com/fr/copyright,/mentions-legales/,Pages,correspondance directe
https://www.springcard.com/fr/developpeur-c-cdi-f-h,/a-propos/,Pages,correspondance directe
https://www.springcard.com/fr/device-loan,/,Pages,aucun équivalent -> accueil (à revoir au cas par cas)
https://www.springcard.com/fr/device-loan-puck,/,Pages,aucun équivalent -> accueil (à revoir au cas par cas)
https://www.springcard.com/fr/disclaimer,/mentions-legales/,Pages,correspondance directe
https://www.springcard.com/fr/discover-companion,https://tech.springcard.com/,Pages,correspondance directe
https://www.springcard.com/fr/documentation-softwares-for-contactless-readers,https://tech.springcard.com/,Pages,correspondance directe
https://www.springcard.com/fr/ev-charging,/solutions/,Pages,correspondance directe
https://www.springcard.com/fr/ev-chargingj,/solutions/,Pages,correspondance directe
https://www.springcard.com/fr/hello,https://tech.springcard.com/,Pages,contenu technique -> tech.springcard.com
https://www.springcard.com/fr/hello/crazywriter-hsp-getting-started-guide,https://tech.springcard.com/,Pages,contenu technique -> tech.springcard.com
https://www.springcard.com/fr/hello/h663-usb-module-getting-started-guide,https://tech.springcard.com/,Pages,contenu technique -> tech.springcard.com
https://www.springcard.com/fr/hello/prox-n-roll-pc-sc-hsp-getting-started-guide,https://tech.springcard.com/,Pages,contenu technique -> tech.springcard.com
https://www.springcard.com/fr/hello/prox-n-roll-rfid-scanner-hsp-getting-started-guide,https://tech.springcard.com/,Pages,contenu technique -> tech.springcard.com
https://www.springcard.com/fr/hello/twistywriter-hsp-getting-started-guide,https://tech.springcard.com/,Pages,contenu technique -> tech.springcard.com
https://www.springcard.com/fr/homepage,/,Pages,correspondance directe
https://www.springcard.com/fr/homepage-copy-1687441501,/,Pages,correspondance directe
https://www.springcard.com/fr/ingenieur-hardware-cdi-f-h,/a-propos/,Pages,correspondance directe
https://www.springcard.com/fr/intern-s-hall-of-fame,/a-propos/,Pages,correspondance directe
https://www.springcard.com/fr/introduction-to-pc-sc-development,https://tech.springcard.com/,Pages,correspondance directe
https://www.springcard.com/fr/iot,/solutions/,Pages,correspondance directe
https://www.springcard.com/fr/learning,https://tech.springcard.com/,Pages,contenu technique -> tech.springcard.com
https://www.springcard.com/fr/learning/ensuring-security-in-the-internet-of-things,https://tech.springcard.com/,Pages,contenu technique -> tech.springcard.com
https://www.springcard.com/fr/learning/how-to-avoid-the-hack-into-a-nfc-communication,https://tech.springcard.com/,Pages,contenu technique -> tech.springcard.com
https://www.springcard.com/fr/learning/nfc-brings-security-to-smart-devices,https://tech.springcard.com/,Pages,contenu technique -> tech.springcard.com
https://www.springcard.com/fr/learning/reader-or-coupling-device,https://tech.springcard.com/,Pages,contenu technique -> tech.springcard.com
https://www.springcard.com/fr/learning/some-details-about-the-rfid-scanners,https://tech.springcard.com/,Pages,contenu technique -> tech.springcard.com
https://www.springcard.com/fr/learning/webinars,https://tech.springcard.com/,Pages,contenu technique -> tech.springcard.com
https://www.springcard.com/fr/legacy-products,/produits/m519/,Pages,correspondance directe
https://www.springcard.com/fr/loisir,/solutions/,Pages,correspondance directe
https://www.springcard.com/fr/lora,/solutions/,Pages,correspondance directe
https://www.springcard.com/fr/nfc,/solutions/,Pages,correspondance directe
https://www.springcard.com/fr/passes-via-bouton,/,Pages,aucun équivalent -> accueil (à revoir au cas par cas)
https://www.springcard.com/fr/pick-your-puck,/,Pages,aucun équivalent -> accueil (à revoir au cas par cas)
https://www.springcard.com/fr/privacy,/politique-de-confidentialite/,Pages,correspondance directe
https://www.springcard.com/fr/products,/produits/m519/,Pages,correspondance directe
https://www.springcard.com/fr/rfid,/solutions/,Pages,correspondance directe
https://www.springcard.com/fr/services,/bureau-etudes/,Pages,correspondance directe
https://www.springcard.com/fr/services/consulting-support,/bureau-etudes/,Pages,rubrique services -> bureau d'études
https://www.springcard.com/fr/services/development,/bureau-etudes/,Pages,rubrique services -> bureau d'études
https://www.springcard.com/fr/services/engineering-office,/bureau-etudes/,Pages,rubrique services -> bureau d'études
https://www.springcard.com/fr/services/qualifications,/bureau-etudes/,Pages,rubrique services -> bureau d'études
https://www.springcard.com/fr/services/software-libraries,/bureau-etudes/,Pages,rubrique services -> bureau d'études
https://www.springcard.com/fr/springcard-contactless-readers-at-a-glance,https://tech.springcard.com/,Pages,correspondance directe
https://www.springcard.com/fr/springcard-jobs-offres-d-emploi,/a-propos/,Pages,correspondance directe
https://www.springcard.com/fr/springcard-official-sponsor,/blog/,Pages,correspondance directe
https://www.springcard.com/fr/springcard-quickstart-for-pc-sc,https://tech.springcard.com/,Pages,correspondance directe
https://www.springcard.com/fr/springcard-sponsor-for-vendee-globe-2024,/blog/,Pages,correspondance directe
https://www.springcard.com/fr/springfield-florida,/,Pages,aucun équivalent -> accueil (à revoir au cas par cas)
https://www.springcard.com/fr/springpark,/,Pages,aucun équivalent -> accueil (à revoir au cas par cas)
https://www.springcard.com/fr/springseed-m519-sdk-registration,/produits/m519/,Pages,correspondance directe
https://www.springcard.com/fr/story,/a-propos/,Pages,correspondance directe
https://www.springcard.com/fr/team,/a-propos/,Pages,correspondance directe
https://www.springcard.com/fr/test-landing-page,/,Pages,aucun équivalent -> accueil (à revoir au cas par cas)
https://www.springcard.com/fr/thanks,/,Pages,aucun équivalent -> accueil (à revoir au cas par cas)
https://www.springcard.com/fr/us-shop,/,Pages,aucun équivalent -> accueil (à revoir au cas par cas)
https://www.springcard.com/fr/values,/a-propos/,Pages,correspondance directe
https://www.springcard.com/fr/webinar-springseed-m519,/produits/m519/,Pages,correspondance directe
https://www.springcard.com/fr/blog/news,/blog/,PostCategories,archive blog
https://www.springcard.com/fr/blog/news/%3Alang/learning/Importance-scalability-contatcless-project,/blog/,Posts,article pas encore recréé sur le nouveau site -> archive blog
https://www.springcard.com/fr/blog/news/ITN-International-and-SpringCard-SAS.,/blog/,Posts,article pas encore recréé sur le nouveau site -> archive blog
https://www.springcard.com/fr/blog/news/NFC-IOS-Cinemas-Pathe-Gaumont,/blog/,Posts,article pas encore recréé sur le nouveau site -> archive blog
https://www.springcard.com/fr/blog/news/a-fictional-story-to-help-you-imagine-your-contactless-project,/blog/,Posts,article pas encore recréé sur le nouveau site -> archive blog
https://www.springcard.com/fr/blog/news/a-new-packaging-for-our-prox-n-roll,/blog/,Posts,article pas encore recréé sur le nouveau site -> archive blog
https://www.springcard.com/fr/blog/news/access-museums-and-amusement-parks-easily-with-vivaticket,/blog/,Posts,article pas encore recréé sur le nouveau site -> archive blog
https://www.springcard.com/fr/blog/news/all-about-the-anti-collision-mechanisms,/blog/,Posts,article pas encore recréé sur le nouveau site -> archive blog
https://www.springcard.com/fr/blog/news/an-end-to-end-secure-access-control-system,/blog/,Posts,article pas encore recréé sur le nouveau site -> archive blog
https://www.springcard.com/fr/blog/news/associating-ble-and-nfc-socket-mobile-use-case,/blog/,Posts,article pas encore recréé sur le nouveau site -> archive blog
https://www.springcard.com/fr/blog/news/can-your-company-become-a-member-of-the-bluetooth-sig,/blog/,Posts,article pas encore recréé sur le nouveau site -> archive blog
https://www.springcard.com/fr/blog/news/choose-your-contactless-provider,/blog/,Posts,article pas encore recréé sur le nouveau site -> archive blog
https://www.springcard.com/fr/blog/news/contactless-focus-5-symmetric-or-asymmetric-antenna-configuration-which-one-to-choose,/blog/,Posts,article pas encore recréé sur le nouveau site -> archive blog
https://www.springcard.com/fr/blog/news/contactless-reader-interoperability-scalability-criteria,/blog/,Posts,article pas encore recréé sur le nouveau site -> archive blog
https://www.springcard.com/fr/blog/news/core-nfc-what-you-need-to-know-about-it,/blog/,Posts,article pas encore recréé sur le nouveau site -> archive blog
https://www.springcard.com/fr/blog/news/create-your-avatar-with-silkke,/blog/,Posts,article pas encore recréé sur le nouveau site -> archive blog
https://www.springcard.com/fr/blog/news/decouvrez-la-carte-de-configuration-mastercard-flexibilite-et-securite-integrees,/blog/,Posts,article pas encore recréé sur le nouveau site -> archive blog
https://www.springcard.com/fr/blog/news/end-of-life-for-k663-h663-introducing-springseed-m519-module,/blog/,Posts,article pas encore recréé sur le nouveau site -> archive blog
https://www.springcard.com/fr/blog/news/enter-any-event-easily-with-weezevent-and-springcard,/blog/,Posts,article pas encore recréé sur le nouveau site -> archive blog
https://www.springcard.com/fr/blog/news/events-needs-contactless-technologies,/blog/,Posts,article pas encore recréé sur le nouveau site -> archive blog
https://www.springcard.com/fr/blog/news/everything-there-is-to-know-about-nfc-rfid-and-bluetooth,/blog/tout-savoir-sur-le-nfc-la-rfid-et-le-bluetooth/,Posts,article technique recréé et traduit sur le nouveau site
https://www.springcard.com/fr/blog/news/everything-there-is-to-know-about-pc-sc,/blog/tout-savoir-sur-le-pc-sc/,Posts,article technique recréé et traduit sur le nouveau site
https://www.springcard.com/fr/blog/news/everything-there-is-to-know-about-the-ce-norm,/blog/,Posts,article pas encore recréé sur le nouveau site -> archive blog
https://www.springcard.com/fr/blog/news/everything-there-is-to-know-about-the-nxp-cards,/blog/,Posts,article pas encore recréé sur le nouveau site -> archive blog
https://www.springcard.com/fr/blog/news/everything-there-is-to-know-about-the-uhf-the-crazy-uhf,/blog/,Posts,article pas encore recréé sur le nouveau site -> archive blog
https://www.springcard.com/fr/blog/news/everything-you-need-to-know-about-bluetooth-smart-or-bluetooth-low-energy,/blog/,Posts,article pas encore recréé sur le nouveau site -> archive blog
https://www.springcard.com/fr/blog/news/evolis-has-been-awarded,/blog/,Posts,article pas encore recréé sur le nouveau site -> archive blog
https://www.springcard.com/fr/blog/news/exercise-with-our-funkygate,/blog/,Posts,article pas encore recréé sur le nouveau site -> archive blog
https://www.springcard.com/fr/blog/news/from-passion-for-technology-to-wakdev,/blog/,Posts,article pas encore recréé sur le nouveau site -> archive blog
https://www.springcard.com/fr/blog/news/funkygates-ip-nfc-up-running-with-the-cloud,/blog/,Posts,article pas encore recréé sur le nouveau site -> archive blog
https://www.springcard.com/fr/blog/news/how-did-we-help-xenon-54-nv-with-the-share-work-solution,/blog/,Posts,article pas encore recréé sur le nouveau site -> archive blog
https://www.springcard.com/fr/blog/news/how-springcard-was-able-to-support-afcare-and-doctolib-in-a-mobility-solution-for-healthcare-professionals,/blog/,Posts,article pas encore recréé sur le nouveau site -> archive blog
https://www.springcard.com/fr/blog/news/how-to-design-your-antenna,/blog/comment-concevoir-son-antenne-rfid-nfc/,Posts,article technique recréé et traduit sur le nouveau site
https://www.springcard.com/fr/blog/news/how-to-set-up-your-d600,/blog/,Posts,article pas encore recréé sur le nouveau site -> archive blog
https://www.springcard.com/fr/blog/news/how-to-upgrade-your-device-s-firmware-with-firmware-upgrade-utility,/blog/,Posts,article pas encore recréé sur le nouveau site -> archive blog
https://www.springcard.com/fr/blog/news/how-we-facilitate-the-life-of-students-with-the-cnous,/blog/,Posts,article pas encore recréé sur le nouveau site -> archive blog
https://www.springcard.com/fr/blog/news/ios-et-nfc-latest-news-from-a-nfc-api,/blog/,Posts,article pas encore recréé sur le nouveau site -> archive blog
https://www.springcard.com/fr/blog/news/lora-overview-of-this-technology-its-protocol-lorawan,/blog/,Posts,article pas encore recréé sur le nouveau site -> archive blog
https://www.springcard.com/fr/blog/news/mtbf-what-is-it,/blog/,Posts,article pas encore recréé sur le nouveau site -> archive blog
https://www.springcard.com/fr/blog/news/ndef-four-letters-defining-the-data-exchange-format-in-nfc,/blog/,Posts,article pas encore recréé sur le nouveau site -> archive blog
https://www.springcard.com/fr/blog/news/nfc-rfid-the-complete-guide,/blog/nfc-rfid-le-guide-complet/,Posts,article technique recréé et traduit sur le nouveau site
https://www.springcard.com/fr/blog/news/optimizing-the-reading-of-your-tags-easily,/blog/,Posts,article pas encore recréé sur le nouveau site -> archive blog
https://www.springcard.com/fr/blog/news/our-partner-s-projects-are-our-projects-k2corp-s-example,/blog/,Posts,article pas encore recréé sur le nouveau site -> archive blog
https://www.springcard.com/fr/blog/news/our-partnership-with-evolis,/blog/,Posts,article pas encore recréé sur le nouveau site -> archive blog
https://www.springcard.com/fr/blog/news/peer-to-peer-vs-host-card-emulation-what-are-the-differences,/blog/nfc-p2p-vs-hce-quelles-differences/,Posts,article technique recréé et traduit sur le nouveau site
https://www.springcard.com/fr/blog/news/prox-n-roll-rfid-scanner-vs-prox-n-roll-pc-sc-which-one-will-you-choose,/blog/,Posts,article pas encore recréé sur le nouveau site -> archive blog
https://www.springcard.com/fr/blog/news/retail-and-contactless-technologies-nfc-rfid-ble-etc,/blog/,Posts,article pas encore recréé sur le nouveau site -> archive blog
https://www.springcard.com/fr/blog/news/rfid-best-points-of-the-technology,/blog/,Posts,article pas encore recréé sur le nouveau site -> archive blog
https://www.springcard.com/fr/blog/news/rfid-simplifies-self-service-car-access,/blog/,Posts,article pas encore recréé sur le nouveau site -> archive blog
https://www.springcard.com/fr/blog/news/scardsniffer,/blog/,Posts,article pas encore recréé sur le nouveau site -> archive blog
https://www.springcard.com/fr/blog/news/selecting-your-NFC-RFID-reader-elements-of-method,/blog/,Posts,article pas encore recréé sur le nouveau site -> archive blog
https://www.springcard.com/fr/blog/news/socket-mobile-and-springcard-sas-announce-licensing-agreement,/blog/,Posts,article pas encore recréé sur le nouveau site -> archive blog
https://www.springcard.com/fr/blog/news/springcard-develops-green-packaging,/blog/,Posts,article pas encore recréé sur le nouveau site -> archive blog
https://www.springcard.com/fr/blog/news/springcard-firmwares,/blog/,Posts,article pas encore recréé sur le nouveau site -> archive blog
https://www.springcard.com/fr/blog/news/springcard-guides-you-in-the-world-of-contactless-solutions,/blog/,Posts,article pas encore recréé sur le nouveau site -> archive blog
https://www.springcard.com/fr/blog/news/springcard-is-now-a-member-of-nfc-forum,/blog/,Posts,article pas encore recréé sur le nouveau site -> archive blog
https://www.springcard.com/fr/blog/news/springcard-s-customers-service,/blog/,Posts,article pas encore recréé sur le nouveau site -> archive blog
https://www.springcard.com/fr/blog/news/springfield-colorado,/blog/,Posts,article pas encore recréé sur le nouveau site -> archive blog
https://www.springcard.com/fr/blog/news/springpass-a-simplified-seamless-customer-experience,/blog/,Posts,article pas encore recréé sur le nouveau site -> archive blog
https://www.springcard.com/fr/blog/news/success-stories-of-our-clients-thinfilm,/blog/,Posts,article pas encore recréé sur le nouveau site -> archive blog
https://www.springcard.com/fr/blog/news/the-american-part-of-springcard-s-story,/blog/,Posts,article pas encore recréé sur le nouveau site -> archive blog
https://www.springcard.com/fr/blog/news/the-anti-tearing-concept-and-mechanisms,/blog/,Posts,article pas encore recréé sur le nouveau site -> archive blog
https://www.springcard.com/fr/blog/news/the-d600-solution-everything-you-need-to-know-about-it,/blog/,Posts,article pas encore recréé sur le nouveau site -> archive blog
https://www.springcard.com/fr/blog/news/the-prox-n-roll-rfid-scanner-a-swiss-army-knife-reader,/blog/,Posts,article pas encore recréé sur le nouveau site -> archive blog
https://www.springcard.com/fr/blog/news/the-springcard-s-website-is-new,/blog/,Posts,article pas encore recréé sur le nouveau site -> archive blog
https://www.springcard.com/fr/blog/news/thinfilm-talks-about-us,/blog/,Posts,article pas encore recréé sur le nouveau site -> archive blog
https://www.springcard.com/fr/blog/news/tip-2-using-springcard-usb-coupling-devices-under-android,/blog/,Posts,article pas encore recréé sur le nouveau site -> archive blog
https://www.springcard.com/fr/blog/news/tip1-memorycard-tool,/blog/,Posts,article pas encore recréé sur le nouveau site -> archive blog
https://www.springcard.com/fr/blog/news/twistyscan-the-best-of-rfid-and-2d-readers,/blog/,Posts,article pas encore recréé sur le nouveau site -> archive blog
https://www.springcard.com/fr/blog/news/un-emballage-qui-cartonne,/blog/,Posts,article pas encore recréé sur le nouveau site -> archive blog
https://www.springcard.com/fr/blog/news/vcub-mobile-the-bordeaux-nfc-bicycle-sharing-scheme-shifts-into-nfc,/blog/,Posts,article pas encore recréé sur le nouveau site -> archive blog
https://www.springcard.com/fr/blog/news/we-helped-creating-the-fastest-beer-dispenser-in-the-world,/blog/,Posts,article pas encore recréé sur le nouveau site -> archive blog
https://www.springcard.com/fr/blog/news/what-can-iot-do-for-you,/blog/,Posts,article pas encore recréé sur le nouveau site -> archive blog
https://www.springcard.com/fr/blog/news/what-is-the-difference-between-a-reader-and-a-coupler,/blog/lecteur-ou-coupleur-quelle-difference/,Posts,article technique recréé et traduit sur le nouveau site
https://www.springcard.com/fr/blog/news/what-is-the-difference-between-rfid-and-nfc,/blog/quelle-est-la-difference-entre-rfid-et-nfc/,Posts,article technique recréé et traduit sur le nouveau site
https://www.springcard.com/fr/blog/news/what-is-the-rctif-certification,/blog/,Posts,article pas encore recréé sur le nouveau site -> archive blog
https://www.springcard.com/fr/blog/news/which-type-of-nfc-tag-is-the-most-interesting-for-you,/blog/,Posts,article pas encore recréé sur le nouveau site -> archive blog
https://www.springcard.com/fr/blog/news/with-designa-and-springcard-park-your-car-easily,/blog/,Posts,article pas encore recréé sur le nouveau site -> archive blog
https://www.springcard.com/fr/blog/news/with-nu-eat-healthy-and-reduce-waste,/blog/,Posts,article pas encore recréé sur le nouveau site -> archive blog
https://www.springcard.com/fr/products/antennas,/produits/m519/,Products,produit abandonné (gamme recentrée sur M519)
https://www.springcard.com/fr/products/apple-google-wallet-nfc-passes,/produits/m519/,Products,produit abandonné (gamme recentrée sur M519)
https://www.springcard.com/fr/products/cable-usb-a,/produits/m519/,Products,produit abandonné (gamme recentrée sur M519)
https://www.springcard.com/fr/products/crazywriter-hsp,/produits/m519/,Products,produit abandonné (gamme recentrée sur M519)
https://www.springcard.com/fr/products/durascan-d600,/produits/m519/,Products,produit abandonné (gamme recentrée sur M519)
https://www.springcard.com/fr/products/funkygate-dw-nfc,/produits/m519/,Products,produit abandonné (gamme recentrée sur M519)
https://www.springcard.com/fr/products/funkygate-dw-nfc-ble,/produits/m519/,Products,produit abandonné (gamme recentrée sur M519)
https://www.springcard.com/fr/products/funkygate-ip-pcsc,/produits/m519/,Products,produit abandonné (gamme recentrée sur M519)
https://www.springcard.com/fr/products/funkygate-ip-rdr,/produits/m519/,Products,produit abandonné (gamme recentrée sur M519)
https://www.springcard.com/fr/products/h663,/produits/m519/,Products,produit abandonné (gamme recentrée sur M519)
https://www.springcard.com/fr/products/h663s-usb-rdr,/produits/m519/,Products,produit abandonné (gamme recentrée sur M519)
https://www.springcard.com/fr/products/h663usb,/produits/m519/,Products,produit abandonné (gamme recentrée sur M519)
https://www.springcard.com/fr/products/k663,/produits/m519/,Products,produit abandonné (gamme recentrée sur M519)
https://www.springcard.com/fr/products/k663-rdr,/produits/m519/,Products,produit abandonné (gamme recentrée sur M519)
https://www.springcard.com/fr/products/k663s-rdr-xxx,/produits/m519/,Products,produit abandonné (gamme recentrée sur M519)
https://www.springcard.com/fr/products/k663s-xxx,/produits/m519/,Products,produit abandonné (gamme recentrée sur M519)
https://www.springcard.com/fr/products/m519,/produits/m519/,Products,variante M519 toujours au catalogue
https://www.springcard.com/fr/products/m519-sam-u-b,/produits/m519/#produit-m519-sam,Products,variante M519 toujours au catalogue
https://www.springcard.com/fr/products/m519-suv,/produits/m519/#produit-m519-suv,Products,variante M519 toujours au catalogue
https://www.springcard.com/fr/products/oem-prox-n-roll-hsp-pc-sc,/produits/m519/,Products,produit abandonné (gamme recentrée sur M519)
https://www.springcard.com/fr/products/oem-prox-n-roll-hsp-rfid-scanner,/produits/m519/,Products,produit abandonné (gamme recentrée sur M519)
https://www.springcard.com/fr/products/prox-n-drive,/produits/m519/,Products,produit abandonné (gamme recentrée sur M519)
https://www.springcard.com/fr/products/prox-n-roll-oem,/produits/m519/,Products,produit abandonné (gamme recentrée sur M519)
https://www.springcard.com/fr/products/proxnroll-pcsc-hsp,/produits/m519/,Products,produit abandonné (gamme recentrée sur M519)
https://www.springcard.com/fr/products/proxnroll-rfid-scan-hsp,/produits/m519/,Products,produit abandonné (gamme recentrée sur M519)
https://www.springcard.com/fr/products/puck-base,/produits/m519/,Products,produit abandonné (gamme recentrée sur M519)
https://www.springcard.com/fr/products/puck-blue,/produits/m519/,Products,produit abandonné (gamme recentrée sur M519)
https://www.springcard.com/fr/products/puck-one,/produits/m519/,Products,produit abandonné (gamme recentrée sur M519)
https://www.springcard.com/fr/products/puck-point,/produits/m519/,Products,produit abandonné (gamme recentrée sur M519)
https://www.springcard.com/fr/products/rfid-nfc-cards,/produits/m519/,Products,produit abandonné (gamme recentrée sur M519)
https://www.springcard.com/fr/products/serial-interfaces,/produits/m519/,Products,produit abandonné (gamme recentrée sur M519)
https://www.springcard.com/fr/products/springbox-i,/produits/m519/,Products,produit abandonné (gamme recentrée sur M519)
https://www.springcard.com/fr/products/springfield-florida-tower,/produits/m519/,Products,produit abandonné (gamme recentrée sur M519)
https://www.springcard.com/fr/products/springpark,/produits/m519/,Products,produit abandonné (gamme recentrée sur M519)
https://www.springcard.com/fr/products/springpass,/produits/m519/,Products,produit abandonné (gamme recentrée sur M519)
https://www.springcard.com/fr/products/test-shopify,/produits/m519/,Products,produit abandonné (gamme recentrée sur M519)
https://www.springcard.com/fr/products/twistywriter,/produits/m519/,Products,produit abandonné (gamme recentrée sur M519)
https://www.springcard.com/fr/products/twistywriter-hsp,/produits/m519/,Products,produit abandonné (gamme recentrée sur M519)
https://www.springcard.com/fr/products/twistywriter-ip-pcsc,/produits/m519/,Products,produit abandonné (gamme recentrée sur M519)
https://www.springcard.com/fr/products/twistywriter-ip-rdr,/produits/m519/,Products,produit abandonné (gamme recentrée sur M519)
https://www.springcard.com/fr/products/usb-interfaces,/produits/m519/,Products,produit abandonné (gamme recentrée sur M519)
